{
    "Version": "2012-10-17",
    "Id": "MYBUCKETPOLICY",
    "Statement": [
          {
              "Sid": "AllowSESPuts",
              "Effect": "Allow",
              "Principal": {
                  "Service": "ses.amazonaws.com"
              },
              "Action": "s3:PutObject",
              "Resource": "arn:aws:s3:::awss3lib/*",
              "Condition": {
                  "StringEquals": {
                      "aws:Referer": "123515267930"
                  }
              }
          }
      ]
  }