{
    "Version": "2012-10-17",
    "Statement": [
        {
            "Sid": "VisualEditor0",
            "Effect": "Allow",
            "Action": [
                "lambda:AddPermission",
                "lambda:RemovePermission"
            ],
            "Resource": "arn:aws:lambda:us-east-1:723515267930:function:*",
            "Condition": {
                "StringEquals": {
                    "lambda:Principal": "ses.amazonaws.com"
                }
            }
        },
        {
            "Sid": "VisualEditor1",
            "Effect": "Allow",
            "Action": [
                "ec2:DescribeInstances",
                "rds:*",
                "ec2:GetEbsEncryptionByDefault",
                "apigateway:UpdateRestApiPolicy",
                "ec2:DescribeScheduledInstanceAvailability",
                "ec2:GetEbsDefaultKmsKeyId",
                "dynamodb:DescribeContinuousBackups",
                "s3:PutObjectTagging",
                "dynamodb:UpdateTimeToLive",
                "s3:GetBucketWebsite",
                "ec2:ImportKeyPair",
                "ec2:CreateTags",
                "ec2:ModifyNetworkInterfaceAttribute",
                "ec2:DescribeFastSnapshotRestores",
                "dynamodb:UpdateItem",
                "s3:GetObjectLegalHold",
                "s3:GetBucketNotification",
                "s3:GetReplicationConfiguration",
                "dynamodb:CreateTable",
                "ec2:CreateNetworkInterface",
                "s3:PutObject",
                "s3:PutBucketNotification",
                "ec2:GetPasswordData",
                "ec2:DescribeScheduledInstances",
                "dynamodb:GetShardIterator",
                "dynamodb:DescribeReservedCapacity",
                "apigateway:POST",
                "s3:PutBucketObjectLockConfiguration",
                "s3:CreateJob",
                "dynamodb:UpdateTable",
                "secretsmanager:TagResource",
                "ec2:AttachVolume",
                "s3:GetLifecycleConfiguration",
                "ec2:ImportVolume",
                "s3:GetInventoryConfiguration",
                "s3:GetBucketTagging",
                "dynamodb:ListTables",
                "ec2:DescribeRegions",
                "dynamodb:ListTagsOfResource",
                "dynamodb:CreateTableReplica",
                "dynamodb:DescribeReservedCapacityOfferings",
                "secretsmanager:GetSecretValue",
                "apigateway:SetWebACL",
                "s3:PutBucketTagging",
                "dynamodb:DescribeLimits",
                "s3:PutBucketVersioning",
                "ec2:DescribeInstanceStatus",
                "s3:ListBucketMultipartUploads",
                "apigateway:PUT",
                "ec2:ImportSnapshot",
                "dynamodb:Query",
                "dynamodb:DescribeStream",
                "s3:GetBucketVersioning",
                "dynamodb:ListStreams",
                "dynamodb:ListContributorInsights",
                "secretsmanager:GetResourcePolicy",
                "s3:GetAccountPublicAccessBlock",
                "dynamodb:ListGlobalTables",
                "s3:PutBucketWebsite",
                "s3:PutBucketRequestPayment",
                "dynamodb:DescribeGlobalTable",
                "s3:GetBucketCORS",
                "s3:GetObjectVersion",
                "secretsmanager:DescribeSecret",
                "s3:GetObjectVersionTagging",
                "dynamodb:DescribeContributorInsights",
                "ec2:DescribeVolumesModifications",
                "ec2:GetHostReservationPurchasePreview",
                "s3:CreateBucket",
                "ec2:GetConsoleScreenshot",
                "s3:GetObjectAcl",
                "s3:GetBucketObjectLockConfiguration",
                "ec2:GetLaunchTemplateData",
                "dynamodb:DescribeTable",
                "dynamodb:GetItem",
                "s3:GetObjectVersionAcl",
                "apigateway:GET",
                "s3:GetBucketPolicyStatus",
                "dynamodb:BatchGetItem",
                "s3:GetObjectRetention",
                "dynamodb:PutItem",
                "ec2:DescribeVpnConnections",
                "s3:ListJobs",
                "ec2:DeleteNetworkInterface",
                "dynamodb:Scan",
                "s3:PutBucketCORS",
                "ec2:GetReservedInstancesExchangeQuote",
                "s3:ListMultipartUploadParts",
                "s3:GetObject",
                "s3:DescribeJob",
                "s3:PutBucketLogging",
                "ec2:DescribeInstanceTypes",
                "s3:GetAnalyticsConfiguration",
                "ec2:DescribeElasticGpus",
                "s3:GetObjectVersionForReplication",
                "dynamodb:DescribeBackup",
                "dynamodb:GetRecords",
                "dynamodb:DescribeTableReplicaAutoScaling",
                "s3:CreateAccessPoint",
                "s3:GetAccessPoint",
                "ec2:GetDefaultCreditSpecification",
                "secretsmanager:UntagResource",
                "ec2:DeleteTags",
                "dynamodb:DeleteItem",
                "ec2:DescribeInstanceAttribute",
                "secretsmanager:CreateSecret",
                "s3:GetBucketLogging",
                "s3:ListBucketVersions",
                "ec2:GetCapacityReservationUsage",
                "s3:GetAccelerateConfiguration",
                "s3:GetBucketPolicy",
                "secretsmanager:ListSecretVersionIds",
                "ec2:GetConsoleOutput",
                "s3:GetEncryptionConfiguration",
                "s3:GetObjectVersionTorrent",
                "dynamodb:TagResource",
                "ec2:DescribeNetworkInterfaces",
                "ses:*",
                "s3:GetBucketRequestPayment",
                "apigateway:PATCH",
                "s3:GetAccessPointPolicyStatus",
                "s3:GetObjectTagging",
                "s3:GetMetricsConfiguration",
                "s3:GetBucketPublicAccessBlock",
                "dynamodb:ConditionCheckItem",
                "dynamodb:UntagResource",
                "s3:ListAccessPoints",
                "ec2:DescribeTags",
                "dynamodb:ListBackups",
                "dynamodb:DescribeTimeToLive",
                "s3:GetBucketAcl",
                "ec2:DescribeImages",
                "dynamodb:DescribeGlobalTableSettings",
                "s3:GetObjectTorrent",
                "lambda:*",
                "s3:GetBucketLocation",
                "s3:GetAccessPointPolicy"
            ],
            "Resource": "*"
        }
    ]
}
